ε“,‚Π‚®‚η‚µ
—–‘,‚Σ‚¶‚Ξ‚©‚ά
Ό‹›—,‚ ‚Ά‚Θ‚ί
C―,‚Π‚Ζ‚Ε
CQ,‚Ά‚θ‚±
Ag,‚©‚η‚³‚¨
R–ΡO,‚Τ‚Θ
‘Ξ\,‚Ώ‚ε‚λ‚¬
‚q—,‚·‚Σ‚΅‚ρ‚­‚·
–λ»δ,‚¶‚α‚·‚έ‚ρ
‰²εy,‚©‚«
‘ςΰb,‚¨‚ΰ‚Ύ‚©
‘μεή‘δ,‚Ώ‚α‚Τ‚Ύ‚Ά
ε’ε,‚Ζ‚©‚°
“VκAγO,‚Ρ‚λ[‚Η
β^{,‚­‚Ά‚Θ
‰q,‚­‚Ώ‚Θ‚µ
‘όΗ,‚Π‚½‚·‚η
Ί’Ή,‚Β‚Ξ‚ί
•—Mq,‚Π‚β‚µ‚ρ‚·
εκεϋ,‚¤‚Ώ‚©‚―
’|”‹›,‚Ω‚¤‚Ϊ‚¤
‹ΰγ~”~,‚ά‚ρ‚³‚­
‹ΰ™,‚¦‚Ι‚µ‚Ύ
O•Ϊπ,‚µ‚α‚ρ‚Ο‚ρ
Χ‹›,‚³‚ζ‚θ
”Χ£,‚Ζ‚¤‚‚η‚µ
–P’±,‚ ‚°‚Ν‚Ώ‚ε‚¤
•Ά–~q,‚Ά‚Ώ‚²
“μ•—,‚Ν‚¦
k–Ι,‚Ώ‚θ‚ί‚ρ
C‘l’°,‚±‚Μ‚ν‚½
Ξ”Α‹›,‚¤‚®‚Ά
γ Ύ,‚―‚µ
΅‹‰Τ,‚ ‚³‚‚¨
hΞ,‚±‚Τ‚µ
ϊ”η,‚ΰ‚Α‚±‚­
—ΒΥ,‚η‚Α‚±
“~Β,‚»‚ζ‚²
‹h‹t,‚µ‚α‚Α‚­‚θ
CκW‹›,‚¦‚Ά
‰ΪΥ‹›,‚Ν‚Ί
π[,‚Ά‚·‚©
ιR,‚΄‚Ϊ‚ρ
©–Β‹Υ,‚¨‚ι‚²[‚ι
”N‹›,‚ ‚δ
›‹rχ,‚Ά‚Ώ‚ε‚¤
–Ψ‘―,‚Ζ‚­‚³
‹ΰ…,‚©‚Θ‚θ‚ 
“V\…,‚Δ‚®‚·
γ·—r,‚©‚ΰ‚µ‚©
C’_,‚¤‚Ι
Β—³‰Ϊ,‚µ‚α‚±
ε†°,‚Ω‚Ζ‚Ζ‚¬‚·
“¥θδ,‚½‚½‚η
‡’‰Τ,‚η‚Ά‚η‚Α‚­
δδπ,‚¤‚ά‚²‚β‚µ
‰_,‚Π‚Ξ‚θ
›r›r,‚Ϊ‚¤‚Σ‚η
’Όί,‚Μ‚¤‚µ
δΰδ,‚Ώ‚³
–Ψ‰Z,‚Ϊ‚―
•S“ϊg,‚³‚ι‚·‚Χ‚θ
—r•,‚µ‚Ύ
”‘ε¬,‚ί‚θ‚β‚·
‘εϋ‹›,‚½‚η
‰h—†,‚³‚΄‚¦
‘‰G“,‚Ζ‚θ‚©‚Τ‚Ζ
“y•M,‚Β‚­‚µ
‹η•κ’Ή,‚¦‚»
Υ¨‘,‚δ‚«‚Μ‚µ‚½
•‚oq,‚¤‚ρ‚©
Σ–I,‚·‚Έ‚ί‚Ξ‚Ώ
‰Ϊεu,‚µ‚α‚±
…‰_,‚ΰ‚Έ‚­
”Ρϊθ,‚Ν‚Τ
Rχ“,‚δ‚·‚η‚¤‚ί
R{,‚µ‚α‚ΰ
η‹{,‚β‚ΰ‚θ
Β‰Τ‹›,‚³‚Ξ
—rιk,‚η‚ά
“mα,‚©‚«‚Β‚Ξ‚½
“yΰlΒ,‚ ‚·‚Σ‚‚ι‚Ζ
C‘l,‚Θ‚ά‚±
γ’©,‚«‚Κ‚¬‚Κ
ΰY•W,‚έ‚¨‚Β‚­‚µ
”n”φ‘”,‚Ω‚ρ‚Ύ‚ν‚η
VC‘l,‚Ω‚β
“Vq,‚Π‚Ξ‚θ
”n—¤,‚β‚·‚Ε
Υ—,‚ΰ‚‚θ
ιλ,‚Ζ‚«
“Ξ”φ,‚Ά‚Ώ‚Ν‚Β
δό,‚µ‚Ά‚½‚―
“„δδ,‚Ή‚λ‚θ
|χ‘,‚©‚½‚Ξ‚έ
ε¨z,‚«‚θ‚¬‚θ‚·
χο,‚Θ‚ά‚―‚ΰ‚Μ
¶¦,‚·‚Έ‚µ
επεΪ,‚Η‚Δ‚η
—†,‚Ω‚η‚‚Ά
g¦,‚ΰ‚έ
“V…‰Z,‚Φ‚Ώ‚ά
αΨ”,‚Θ‚Ε‚µ‚±
’·”φι†,‚©‚ρ‚‚ι[
‰α•κ’Ή,‚ζ‚½‚©
…{,‚­‚Ά‚Θ
–“V―,‚Η‚¤‚Ύ‚ρ‚Β‚Β‚¶
‰q‰Τ,‚©‚«‚Β‚Ξ‚½
Hχ,‚±‚·‚ΰ‚·
‹γ\‹γά,‚Β‚Γ‚η‚¨‚θ
z–Μ,‚·‚θ
R’ƒ‰Τ,‚³‚΄‚ρ‚©
pq,‚έ‚Έ‚η
ι}’n,‚ά‚Α‚µ‚®‚η
‹Κε†‹o,‚Ζ‚¤‚ΰ‚λ‚±‚µ
‰Τ΄χ,‚Θ‚Θ‚©‚ά‚Η
T‰,‚Μ‚λ‚µ
•§¶’,‚Β‚­‚Λ‚Ά‚ΰ
κM{,‚Ζ‚¤‚ά‚ι
Σθφq,‚®‚έ
εε•,‚±‚¤‚ΰ‚θ
–Κα¬,‚Ι‚«‚Ρ
“¤–Ί,‚Ά‚Ζ‚Ζ‚ρ‚Ϊ
Cβ,‚Ω‚β
‘εp“¤,‚³‚³‚°
έ‰Ϊ,‚ ‚έ
Ή\,‚²‚©‚Ά
_χ,‚Ω‚¨‚Έ‚«
¬‰Ξ,‚Ϊ‚β
δEγρ,‚½‚±
—‚w,‚ ‚·‚Θ‚λ
“p¨,‚Ά‚»‚¬‚ρ‚Ώ‚α‚­
—m–n,‚Ά‚ρ‚­
α‰ΤΨ,‚¨‚©‚η
g–Ί,‚Δ‚ρ‚Ζ‚¤‚ή‚µ
”ς”’,‚©‚·‚θ
ηUηP,‚Β‚Β‚¶
 q,‚¤‚«
ε©’J,‚±‚ί‚©‚έ
—r²Ψ,‚Π‚¶‚«
ε»Φ,‚¤‚ν‚Ξ‚έ
ΰω‰,‚Ζ‚±‚λ‚Δ‚ρ
‹S“”,‚Ω‚¨‚Έ‚«
”’’n,‚ ‚©‚η‚³‚ά
ιδc‹›,‚µ‚η‚¤‚¨
ε·ε‹,‚Π‚«‚‚¦‚ι
R¨,‚ν‚³‚Ρ
δKγλδ`,‚¨‚Α‚Ζ‚Ή‚Ά
Ξ—³q,‚Ζ‚©‚°
…ΰ¦’,‚½‚‚ί
EG,‚κ‚ΰ‚ρ
–Ψ“p,‚έ‚έ‚Έ‚­
Cξ,‚Ω‚½‚Δ‚‚Ά
εεp,‚¨‚½‚ά‚¶‚α‚­‚µ
Ϋq‰Τ,‚Π‚ι‚‚¨
ς―,‚¶‚γ‚²‚ρ
–Ψ“Vδψ,‚ά‚½‚½‚Ρ
^^,‚©‚½‚λ‚®
–Ψ”TΙ,‚έ‚Ά‚η
—½θΊ‰Τ,‚Μ‚¤‚Ί‚ρ‚©‚Έ‚η
‹•G,‚Ά‚Μ‚±‚Έ‚Ώ
”Χ‰Zχ,‚Ο‚Ο‚Ά‚β
‡εN,‚³‚ι‚·‚Χ‚θ
…”K,‚ ‚³‚Β‚«
C‚,‚Β‚Θ‚έ
‹S“‹›,‚µ‚Ά‚η
{‹›,‚Ά‚³‚«
αβ{,‚Ώ‚α‚Ϊ
γΨγΨ™,‚­‚Β‚ν‚ή‚µ
ε±εu,‚¨‚―‚η
†”Q,‚±‚ζ‚θ
”~‰Τ”η,‚©‚Ά‚η‚¬
Ξ–Ύ,‚ ‚ν‚Ρ
£™γ,‚Ώ‚α‚ι‚ί‚η
‹”φ‹›,‚±‚Ώ
­”φΨ,‚Π‚¶‚«
M“V‰¥,‚ ‚Ω‚¤‚Η‚θ
C‹›,‚Ν‚½‚Ν‚½
•Z’,‚Δ‚ρ‚Ζ‚¤‚ή‚µ
”e‰¤χ,‚³‚Ϊ‚Δ‚ρ
‡½,‚Λ‚ή
κ[κ],‚έ‚»‚³‚΄‚Ά
–ϋ½,‚Ψ‚ρ‚«
Υ‹›,‚¨‚±‚Ί
Ιl,‚Ζ‚Λ‚θ
”Ιγ~,‚Ν‚±‚Χ
φ‹›,‚ν‚©‚³‚¬
d•‘‰®,‚µ‚ΰ‚½‚β
“Sχ,‚¨‚Ν‚®‚λ
—φ‰p,‚½‚ρ‚Ϋ‚Ϋ
•s”@‹A,‚Ω‚Ζ‚Ζ‚¬‚·
”µ”φ,‚έ‚Ό‚¨‚Ώ
εtεm,‚έ‚έ‚Έ
‹’–,‚β‚ά‚ ‚η‚µ
–P—,‚Ο‚Ά‚Θ‚Α‚Υ‚ι
‰©”¥,‚Ν‚Ί‚Μ‚«
®Δ,‚ι‚Β‚Ϊ
‹ΰγΐ,‚Π‚ν
C’K,‚Ρ[‚Ξ[
‹›,‚©‚Β‚¨
‘P’m’Ή,‚¤‚Ζ‚¤
R‰q,‚­‚Ώ‚Θ‚µ
–Ψ’Κ,‚ ‚―‚Ρ
¶›I,‚µ‚ε‚¤‚
—λ—]q,‚ή‚©‚²
“m‰F,‚Ω‚Ζ‚Ζ‚¬‚·
κc‘,‚ ‚µ‚½‚Ξ
pιτ,‚έ‚έ‚Έ‚­
m‹k,‚©‚η‚½‚Ώ
”Έe,‚ ‚³‚θ
εl¶,‚³‚Ϊ‚Δ‚ρ
Cι†,‚ ‚µ‚©
’Ή,‚Ω‚Ζ‚Ζ‚¬‚·
”ε‰Τ,‚ ‚¶‚³‚Ά
“V‹,‚©‚έ‚«‚θ‚ή‚µ
–ΨΫ,‚ή‚­‚°
ε…εn,‚ή‚©‚Ε
Cεf,‚Σ‚Μ‚θ
“ρ‡”Ό,‚±‚Θ‚©‚η
“~–°‘l,‚β‚ά‚Λ
Σ‘·α,‚³‚ι‚Μ‚±‚µ‚©‚―
–|Τ‹›,‚ά‚ρ‚Ϊ‚¤
—…Ώ”,‚ ‚·‚Θ‚λ
…θ,‚©‚±
‰Ν“Ψ,‚Σ‚®
―,‚ζ‚µ‚«‚θ
Oa“y,‚½‚½‚«
ψ‹›,‚©‚¶‚«
“S—t,‚Τ‚θ‚«
Υρ,‚Ά‚½‚Η‚θ
•“δΕ,‚©‚Τ‚η
•¶g,‚Ά‚κ‚Έ‚έ
‹›βΔ,‚Ρ‚­
”n–Ψ,‚ ‚µ‚Ρ
’Κ‘,‚ ‚―‚Ρ
C•^,‚ ‚΄‚η‚µ
“ι­,‚Ζ‚Θ‚©‚Ά
‰©—k,‚Β‚°
ΰ‘“l,‚Μ‚µ
‰_‰,‚Σ‚―
–νT,‚έ‚³
‰f“ϊ‰Κ,‚Ά‚Ώ‚¶‚­
Ζ,‚­‚ν‚Ά
Ew,‚½‚Δ
–μ–Ψ‰Z,‚ή‚Χ
ΰB`,‚Ι‚‚θ
“ϊΖ‰J,‚»‚Ξ‚¦
ΞΦ,‚΄‚­‚λ
‹Κ‹Ψ‹›,‚Ά‚©‚Θ‚²
“‰_,‚µ‚Μ‚Μ‚ί
–φ—t‹›,‚µ‚µ‚α‚ΰ
”E“~,‚·‚Ά‚©‚Έ‚η
ΓΤ,‚Ξ‚Θ‚Θ
—Σ΅,‚ά‚Α‚Ώ
μ{,‚Ω‚λ‚Ω‚λ‚Ώ‚ε‚¤
–|‹Ψ“l,‚ΰ‚ρ‚Η‚θ
•Ηε,‚Ύ‚Ι
δ™‰Κ,‚θ‚ρ‚²
